Subreddit,Game/Franchise
http://reddit.com/r/leagueoflegends,League of Legends
http://reddit.com/r/DestinyTheGame,Destiny Franchise
http://reddit.com/r/DotA2,DotA 2
http://reddit.com/r/smashbros,Super Smash Bros.
http://reddit.com/r/Minecraft,Minecraft
http://reddit.com/r/GlobalOffensive,Counter-Strike: Global Offensive
http://reddit.com/r/wow,World of Warcraft
http://reddit.com/r/hearthstone,Hearthstone
http://reddit.com/r/dayz,DayZ
http://reddit.com/r/Smite,Smite
http://reddit.com/r/runescape,RuneScape
http://reddit.com/r/pathofexile,Path of Exile
http://reddit.com/r/2007scape,Old School RuneScape
http://reddit.com/r/Guildwars2,Guild Wars 2
http://reddit.com/r/EliteDangerous,Elite Dangerous
http://reddit.com/r/ffxiv,Final Fantasy XIV
http://reddit.com/r/Warthunder,War Thunder
http://reddit.com/r/AnimalCrossing,Animal Crossing
http://reddit.com/r/totalwar,Total War Franchise
http://reddit.com/r/Terraria,Terraria
http://reddit.com/r/swtor,Star Wars: The Old Republic
http://reddit.com/r/CoDCompetitive,Call of Duty Franchise
http://reddit.com/r/darksouls,Dark Souls Franchise
http://reddit.com/r/feedthebeast,Minecraft
http://reddit.com/r/assassinscreed,Assassin's Creed Franchise
http://reddit.com/r/fireemblem,Fire Emblem Franchise
http://reddit.com/r/osugame,osu!
http://reddit.com/r/NBA2k,NBA 2K Franchise
http://reddit.com/r/TownofSalemgame,Town of Salem
http://reddit.com/r/dwarffortress,Dwarf Fortress
http://reddit.com/r/RotMG,Realm of the Mad God
http://reddit.com/r/forza,"Forza Motorsport, Horizon"
http://reddit.com/r/bloodborne,Bloodborne  
http://reddit.com/r/CitiesSkylines,Cities Skyline
http://reddit.com/r/Overwatch,Overwatch
http://reddit.com/r/playark,ARK: Survival Evolved
http://reddit.com/r/Fallout,Fallout Franchise
http://reddit.com/r/starcitizen,Star Citizen
http://reddit.com/r/DBZDokkanBattle,DBZ: Dokkan Battle
http://reddit.com/r/csgo,Counter-Strike: Global Offensive
http://reddit.com/r/Rainbow6,Tom Clancy's Rainbow Six Siege
http://reddit.com/r/pokemongo,Pokémon GO
http://reddit.com/r/StardewValley,Stardew Valley
http://reddit.com/r/TheSilphRoad,Pokémon GO
http://reddit.com/r/Granblue_en,Granblue Fantasy
http://reddit.com/r/residentevil,Resident Evil Franchise
http://reddit.com/r/gwent,Gwent: The Witcher Card Game
http://reddit.com/r/Breath_of_the_Wild,The Legend of Zelda: Breath of the Wild
http://reddit.com/r/PUBATTLEGROUNDS,PlayerUnknown's Battlegrounds
http://reddit.com/r/FortNiteBR,Fortnite Battle Royale
http://reddit.com/r/DDLC,Doki Doki Literature Club
http://reddit.com/r/classicwow,World of Warcraft Classic
http://reddit.com/r/apexlegends,Apex Legends
http://reddit.com/r/borderlands3,Borderlands 3
http://reddit.com/r/RocketLeagueEsports,Rocket League
http://reddit.com/r/AnotherEdenGlobal,Another Eden Global
http://reddit.com/r/FireEmblemThreeHouses,Fire Emblem: Three Houses
http://reddit.com/r/MarioKartTour,Mario Kart Tour
http://reddit.com/r/FIFA/,EA Sports FIFA Franchise
http://reddit.com/r/MortalKombat/,Mortal Kombat Franchise
http://reddit.com/r/thesims/,The Sims Franchise
http://reddit.com/r/destiny2/,Destiny 2
http://reddit.com/r/Competitiveoverwatch/,Overwatch
http://reddit.com/r/RocketLeague/,Rocket League
http://reddit.com/r/reddeadredemption/,Red Dead Redemption Franchise
http://reddit.com/r/MagicArena/,Magic The Gathering: Arena
http://reddit.com/r/CrusaderKings/,Crusader Kings Franchise
http://reddit.com/r/DaysGone/,Days Gone
http://reddit.com/r/ClashOfClans/,Clash of Clans
http://reddit.com/r/FortniteCompetitive/,Fortnite Battle Royale
http://reddit.com/r/Eve/,EVE Online
http://reddit.com/r/RimWorld/,RimWorld
http://reddit.com/r/Brawlstars/,Brawlstars
http://reddit.com/r/StarWarsBattlefront/,Star Wars Battlefront Franchise
http://reddit.com/r/RedDeadOnline/,Red Dead Online
http://reddit.com/r/fo76/,Fallout 76
http://reddit.com/r/Xcom/,XCOM Franchise
http://reddit.com/r/heroesofthestorm/,Heroes of the Storm
http://reddit.com/r/forhonor/,For Honor
http://reddit.com/r/FUTMobile/,FIFA Moblie
http://reddit.com/r/Blackops4/,Call of Duty: Black Ops 4
http://reddit.com/r/Warframe/,Warframe
http://reddit.com/r/Stellaris/,Stellaris
http://reddit.com/r/mw4/,Call of Duty: Modern Warfare 4
http://reddit.com/r/fivenightsatfreddys/,Five Night's at Freddy's Franchise
http://reddit.com/r/FORTnITE/,Fortnite Save the World
http://reddit.com/r/future_fight/,MARVEL Future Fight
http://reddit.com/r/AnthemTheGame/,Anthem
http://reddit.com/r/MLBTheShow/,MLB: The Show Franchise
http://reddit.com/r/dauntless/,Dauntless
http://reddit.com/r/BattlefieldV/,Battlefield V
http://reddit.com/r/ClashRoyale/,Clash Royale
http://reddit.com/r/Paladins/,Paladins
http://reddit.com/r/SWGalaxyOfHeroes/,Star Wars: Galaxy of Heroes
http://reddit.com/r/Mordhau/,Mordhau
http://reddit.com/r/WorldofTanks/,World of Tanks
http://reddit.com/r/btd6/,Bloons TD 6
http://reddit.com/r/Seaofthieves/,Sea of Thieves
http://reddit.com/r/gtaonline/,Grand Theft Auto V
http://reddit.com/r/eu4/,Europa Universalis IV
